days_since_release,current_rating,num_reviews,final_score
0.0,33.33333333333333,3.0,52.123552123552116
0.0,20.0,5.0,52.123552123552116
0.0,30.0,10.0,52.123552123552116
0.0,45.0,20.0,52.123552123552116
0.0,43.333333333333336,30.0,52.123552123552116
0.0,52.5,40.0,52.123552123552116
0.0,56.00000000000001,50.0,52.123552123552116
