prefix_length,prefix_pos_ratio,prefix_pos_count,prefix_neg_count,span_days,final_rating
3,33.33333333333333,1,2,0,52.123552123552116
5,20.0,1,4,0,52.123552123552116
10,30.0,3,7,0,52.123552123552116
20,45.0,9,11,0,52.123552123552116
30,43.333333333333336,13,17,0,52.123552123552116
40,52.5,21,19,0,52.123552123552116
50,56.00000000000001,28,22,0,52.123552123552116
